  <configuration>
    
    <property>
      <name>fs.defaultFS</name>
      <value>hdfs://crowley.sandbox.com:8020</value>
      <final>true</final>
    </property>
    
    <property>
      <name>fs.trash.interval</name>
      <value>360</value>
    </property>
    
    <property>
      <name>ha.failover-controller.active-standby-elector.zk.op.retries</name>
      <value>120</value>
    </property>
    
    <property>
      <name>ha.zookeeper.acl</name>
      <value>sasl:nn:rwcda</value>
    </property>
    
    <property>
      <name>hadoop.http.authentication.simple.anonymous.allowed</name>
      <value>true</value>
    </property>
    
    <property>
      <name>hadoop.proxyuser.ambari-server-sandbox.groups</name>
      <value>*</value>
    </property>
    
    <property>
      <name>hadoop.proxyuser.ambari-server-sandbox.hosts</name>
      <value>*</value>
    </property>
    
    <property>
      <name>hadoop.proxyuser.hdfs.groups</name>
      <value>*</value>
    </property>
    
    <property>
      <name>hadoop.proxyuser.hdfs.hosts</name>
      <value>*</value>
    </property>
    
    <property>
      <name>hadoop.proxyuser.HTTP.groups</name>
      <value>*</value>
    </property>
    
    <property>
      <name>hadoop.proxyuser.HTTP.hosts</name>
      <value>*</value>
    </property>
    
    <property>
      <name>hadoop.proxyuser.yarn.groups</name>
      <value>*</value>
    </property>
    
    <property>
      <name>hadoop.proxyuser.yarn.hosts</name>
      <value>*</value>
    </property>
    
    <property>
      <name>hadoop.security.auth_to_local</name>
      <value>RULE:[1:$1@$0](ambari-qa-sandbox@SANDBOX.COM)s/.*/ambari-qa/
RULE:[1:$1@$0](hbase-sandbox@SANDBOX.COM)s/.*/hbase/
RULE:[1:$1@$0](hdfs-sandbox@SANDBOX.COM)s/.*/hdfs/
RULE:[1:$1@$0](.*@SANDBOX.COM)s/@.*//
RULE:[2:$1@$0](activity_analyzer@SANDBOX.COM)s/.*/activity_analyzer/
RULE:[2:$1@$0](activity_explorer@SANDBOX.COM)s/.*/activity_explorer/
RULE:[2:$1@$0](amshbase@SANDBOX.COM)s/.*/ams/
RULE:[2:$1@$0](amszk@SANDBOX.COM)s/.*/ams/
RULE:[2:$1@$0](dn@SANDBOX.COM)s/.*/hdfs/
RULE:[2:$1@$0](hbase@SANDBOX.COM)s/.*/hbase/
RULE:[2:$1@$0](jhs@SANDBOX.COM)s/.*/mapred/
RULE:[2:$1@$0](nm@SANDBOX.COM)s/.*/yarn/
RULE:[2:$1@$0](nn@SANDBOX.COM)s/.*/hdfs/
RULE:[2:$1@$0](rm@SANDBOX.COM)s/.*/yarn/
RULE:[2:$1@$0](yarn@SANDBOX.COM)s/.*/yarn/
DEFAULT</value>
    </property>
    
    <property>
      <name>hadoop.security.authentication</name>
      <value>kerberos</value>
    </property>
    
    <property>
      <name>hadoop.security.authorization</name>
      <value>true</value>
    </property>
    
    <property>
      <name>io.compression.codecs</name>
      <value>org.apache.hadoop.io.compress.GzipCodec,org.apache.hadoop.io.compress.DefaultCodec,org.apache.hadoop.io.compress.SnappyCodec</value>
    </property>
    
    <property>
      <name>io.file.buffer.size</name>
      <value>131072</value>
    </property>
    
    <property>
      <name>io.serializations</name>
      <value>org.apache.hadoop.io.serializer.WritableSerialization</value>
    </property>
    
    <property>
      <name>ipc.client.connect.max.retries</name>
      <value>50</value>
    </property>
    
    <property>
      <name>ipc.client.connection.maxidletime</name>
      <value>30000</value>
    </property>
    
    <property>
      <name>ipc.client.idlethreshold</name>
      <value>8000</value>
    </property>
    
    <property>
      <name>ipc.server.tcpnodelay</name>
      <value>true</value>
    </property>
    
    <property>
      <name>mapreduce.jobtracker.webinterface.trusted</name>
      <value>false</value>
    </property>
    
    <property>
      <name>net.topology.script.file.name</name>
      <value>/etc/hadoop/conf/topology_script.py</value>
    </property>
    
  </configuration>